{"metadata":{"asset_id":"d3e1e3d8-69c7-4a88-a58b-03da11633192","asset_attributes":["wml_function"],"name":"Customer Attrition Prediction Scoring Function","asset_type":"wml_function","created_at":"2022-05-02T05:43:59Z","origin_country":"us","owner_id":"IBMid-66300293SH","space_id":"d1f276d7-7230-4498-83dd-222c151a7100","sandbox_id":"d1f276d7-7230-4498-83dd-222c151a7100","size":2180,"tags":["attrition_scoring_pipeline_function_tag"],"usage":{"last_update_time":1651470241288,"last_updated_at":"2022-05-02T05:44:01Z"}},"entity":{"wml_function":{"software_spec":{"base_id":"12b83a17-24d8-5082-900f-0ab31fbfd3cb","name":"runtime-22.1-py3.9"},"ml_version":"4.0.2","type":"python","schemas":{"input":[{"fields":[{"name":"CUSTOMER ID","type":"int"},{"name":"sc_end_date","type":"date"}],"id":"1","type":"struct"}],"output":[{"fields":[{"name":"Probability_of_Attrition","type":"double"}],"id":"1","type":"struct"}]}},"location_definition":{"physical_location_code":"DAL","physical_location_code_assigned_by":"IBMid-66300293SH","physical_location_code_rds_id":"c57cb90f-2126-3800-9c9f-9eab82021cdf","physical_location_code_rds_version":"test_version_noop","physical_location_code_assignment_method":"INFERRED","physical_location_code_added_on":"1651470052057"}},"attachments":[{"id":"bf6a9a60-ef73-4b3c-a205-c6569d7a0972","version":2,"asset_type":"wml_function","datasource_type":"193a97c1-4475-4a19-b90c-295c4fdc6517","creator_id":"IBMid-66300293SH","create_time":1651470240371,"size":2180,"is_remote":false,"is_managed":true,"is_referenced":false,"is_object_key_read_only":false,"is_user_provided_path_key":false,"transfer_complete":true,"is_partitioned":false,"complete_time_ticks":1651470241282,"user_data":{},"test_doc":0,"handle":{"bucket":"bc4cabe2-5a41-458d-91d8-0a262e2d56c5","location":"us-south","type":"bluemix_cos","key":"9a4caef1-f066-4198-8a3e-977af9f9bb5c/d3e1e3d8-69c7-4a88-a58b-03da11633192/bf6a9a60-ef73-4b3c-a205-c6569d7a0972","upload_id":"done","max_part_num":1},"usage":{"access_count":0,"last_accessor_id":"IBMid-66300293SH","last_access_time":1651470240371}}]}
