{"metadata":{"asset_id":"f8f147d8-5078-4638-bde1-8082cc63705e","asset_attributes":["wml_model"],"name":"Customer Attrition Prediction Model","asset_type":"wml_model","created_at":"2022-05-02T11:18:01Z","description":"","origin_country":"us","owner_id":"1000331500","space_id":"a91d98e5-5719-4961-b68b-a1a52cb31edd","sandbox_id":"a91d98e5-5719-4961-b68b-a1a52cb31edd","size":445568,"tags":["attrition_model_tag"],"usage":{"last_update_time":1651656820901,"last_updated_at":"2022-05-04T09:33:40Z"}},"entity":{"wml_model":{"training_data_references":[{"connection":{"access_key_id":"not_applicable","endpoint_url":"not_applicable","secret_access_key":"not_applicable"},"id":"1","location":{},"schema":{"fields":[{"name":"CUSTOMER_SUMMARY_TOTAL_AMOUNT_OF_DEPOSITS","type":"float64"},{"name":"NUM_ACCOUNTS_WITH_INVESTMENT_OBJECTIVE_SECURE_GROWTH","type":"float64"},{"name":"NUM_ACCOUNTS_WITH_INVESTMENT_OBJECTIVE_INCOME","type":"float64"},{"name":"CUSTOMER_FAMILY_SIZE","type":"int64"},{"name":"NUM_ACCOUNTS_WITH_INVESTMENT_OBJECTIVE_GROWTH","type":"float64"},{"name":"CUSTOMER_SUMMARY_NUMBER_OF_ACCOUNTS","type":"int64"},{"name":"CUSTOMER_INTERNET_BANKING_INDICATOR","type":"int64"},{"name":"CUSTOMER_SUMMARY_FUNDS_UNDER_MANAGEMENT","type":"float64"},{"name":"CUSTOMER_SUMMARY_AVERAGE_SENTIMENT_SCORE","type":"int64"},{"name":"CUSTOMER_SUMMARY_TOTAL_AMOUNT_OF_DEPOSITS_mean","type":"float64"},{"name":"CUSTOMER_SUMMARY_TOTAL_AMOUNT_OF_DEPOSITS_std","type":"float64"},{"name":"CUSTOMER_SUMMARY_TOTAL_AMOUNT_OF_DEPOSITS_std_norm","type":"float64"},{"name":"CUSTOMER_SUMMARY_TOTAL_AMOUNT_OF_DEPOSITS_current_vs_mean","type":"float64"},{"name":"CUSTOMER_EMPLOYMENT_STATUS_Homemaker","type":"uint8"},{"name":"CUSTOMER_EMPLOYMENT_STATUS_Retired","type":"uint8"},{"name":"CUSTOMER_EMPLOYMENT_STATUS_Selfemployed","type":"uint8"},{"name":"CUSTOMER_EMPLOYMENT_STATUS_Unemployed","type":"uint8"},{"name":"CUSTOMER_EDUCATION_LEVEL_High School","type":"uint8"},{"name":"CUSTOMER_EDUCATION_LEVEL_PhD","type":"uint8"},{"name":"CUSTOMER_EDUCATION_LEVEL_Professional","type":"uint8"},{"name":"CUSTOMER_EDUCATION_LEVEL_University","type":"uint8"},{"name":"CUSTOMER_MARKET_GROUP_Gifting","type":"uint8"},{"name":"CUSTOMER_MARKET_GROUP_Spending","type":"uint8"},{"name":"CUSTOMER_MARKET_GROUP_Starting","type":"uint8"},{"name":"CUSTOMER_MARITAL_STATUS_Married","type":"uint8"},{"name":"CUSTOMER_MARITAL_STATUS_Single","type":"uint8"},{"name":"CUSTOMER_AGE_RANGE_30 to 40","type":"uint8"},{"name":"CUSTOMER_AGE_RANGE_40 to 55","type":"uint8"},{"name":"CUSTOMER_AGE_RANGE_55 to 65","type":"uint8"},{"name":"CUSTOMER_AGE_RANGE_65 and over","type":"uint8"},{"name":"CUSTOMER_URBAN_CODE_Rural","type":"uint8"},{"name":"CUSTOMER_URBAN_CODE_Urban","type":"uint8"},{"name":"CUSTOMER_GENDER_Male","type":"uint8"}],"id":"1","type":"DataFrame"},"type":"fs"}],"label_column":"TARGET","software_spec":{"base_id":"e4429883-c883-42b6-87a8-f419d64088cd","name":"default_py3.7"},"ml_version":"4.0.2","type":"scikit-learn_0.23","schemas":{"input":[{"fields":[{"name":"CUSTOMER_SUMMARY_TOTAL_AMOUNT_OF_DEPOSITS","type":"float64"},{"name":"NUM_ACCOUNTS_WITH_INVESTMENT_OBJECTIVE_SECURE_GROWTH","type":"float64"},{"name":"NUM_ACCOUNTS_WITH_INVESTMENT_OBJECTIVE_INCOME","type":"float64"},{"name":"CUSTOMER_FAMILY_SIZE","type":"int64"},{"name":"NUM_ACCOUNTS_WITH_INVESTMENT_OBJECTIVE_GROWTH","type":"float64"},{"name":"CUSTOMER_SUMMARY_NUMBER_OF_ACCOUNTS","type":"int64"},{"name":"CUSTOMER_INTERNET_BANKING_INDICATOR","type":"int64"},{"name":"CUSTOMER_SUMMARY_FUNDS_UNDER_MANAGEMENT","type":"float64"},{"name":"CUSTOMER_SUMMARY_AVERAGE_SENTIMENT_SCORE","type":"int64"},{"name":"CUSTOMER_SUMMARY_TOTAL_AMOUNT_OF_DEPOSITS_mean","type":"float64"},{"name":"CUSTOMER_SUMMARY_TOTAL_AMOUNT_OF_DEPOSITS_std","type":"float64"},{"name":"CUSTOMER_SUMMARY_TOTAL_AMOUNT_OF_DEPOSITS_std_norm","type":"float64"},{"name":"CUSTOMER_SUMMARY_TOTAL_AMOUNT_OF_DEPOSITS_current_vs_mean","type":"float64"},{"name":"CUSTOMER_EMPLOYMENT_STATUS_Homemaker","type":"uint8"},{"name":"CUSTOMER_EMPLOYMENT_STATUS_Retired","type":"uint8"},{"name":"CUSTOMER_EMPLOYMENT_STATUS_Selfemployed","type":"uint8"},{"name":"CUSTOMER_EMPLOYMENT_STATUS_Unemployed","type":"uint8"},{"name":"CUSTOMER_EDUCATION_LEVEL_High School","type":"uint8"},{"name":"CUSTOMER_EDUCATION_LEVEL_PhD","type":"uint8"},{"name":"CUSTOMER_EDUCATION_LEVEL_Professional","type":"uint8"},{"name":"CUSTOMER_EDUCATION_LEVEL_University","type":"uint8"},{"name":"CUSTOMER_MARKET_GROUP_Gifting","type":"uint8"},{"name":"CUSTOMER_MARKET_GROUP_Spending","type":"uint8"},{"name":"CUSTOMER_MARKET_GROUP_Starting","type":"uint8"},{"name":"CUSTOMER_MARITAL_STATUS_Married","type":"uint8"},{"name":"CUSTOMER_MARITAL_STATUS_Single","type":"uint8"},{"name":"CUSTOMER_AGE_RANGE_30 to 40","type":"uint8"},{"name":"CUSTOMER_AGE_RANGE_40 to 55","type":"uint8"},{"name":"CUSTOMER_AGE_RANGE_55 to 65","type":"uint8"},{"name":"CUSTOMER_AGE_RANGE_65 and over","type":"uint8"},{"name":"CUSTOMER_URBAN_CODE_Rural","type":"uint8"},{"name":"CUSTOMER_URBAN_CODE_Urban","type":"uint8"},{"name":"CUSTOMER_GENDER_Male","type":"uint8"}],"id":"1","type":"struct"}],"output":[]}}},"attachments":[{"id":"9df45116-ddb5-40c1-ab66-2820dfa3da55","version":2,"asset_type":"wml_model","datasource_type":"81bafdbd-b7c6-45c5-a4fd-6ec135f66f4e","object_key":"wml_model/f8f147d8-5078-4638-bde1-8082cc63705e/4101f412-8951-4b92-b3c4-c687587b5b6a","creator_id":"icp4d-dev","create_time":1651656820578,"size":445568,"is_remote":false,"is_managed":false,"is_referenced":true,"is_object_key_read_only":false,"is_user_provided_path_key":true,"transfer_complete":true,"is_partitioned":false,"complete_time_ticks":1651656820578,"user_data":{"content_format":"native"},"test_doc":0,"handle":{"key":"wml_model/f8f147d8-5078-4638-bde1-8082cc63705e/4101f412-8951-4b92-b3c4-c687587b5b6a","upload_id":"done","max_part_num":1},"usage":{"access_count":0,"last_accessor_id":"icp4d-dev","last_access_time":1651656820578}}]}