{"entity":{"description":"","name":"Customer Attrition Space","scope":{"bss_account_id":"a1bf29c46afb41c2aea9e78642e13f0d"},"stage":{"production":false},"status":{"state":"active"},"storage":{"type":"bmcos_object_storage"}},"metadata":{"created_at":"2022-04-26T00:26:24.900Z","creator_id":"IBMid-661001OAKZ","id":"5ac0a716-13ed-4856-88ee-f2c59ec124ff","updated_at":"2022-04-26T00:26:35.623Z","url":"/v2/spaces/5ac0a716-13ed-4856-88ee-f2c59ec124ff"},"is_encrypted":false,"deployment_source":"cloud","version":"1.0.19.cloud"}
