{"metadata":{"asset_id":"2ef057ff-fa45-4066-a810-1f73b7673a3a","asset_attributes":["shiny_asset"],"name":"Customer Attrition Prediction Shiny Assets","asset_type":"shiny_asset","created_at":"2022-05-02T11:24:54Z","description":"Store shiny assets in deployment space","origin_country":"us","owner_id":"1000331500","space_id":"a91d98e5-5719-4961-b68b-a1a52cb31edd","size":10180827,"tags":[],"usage":{"last_update_time":1651490695642,"last_updated_at":"2022-05-02T11:24:55Z"}},"entity":{"shiny_asset":{"ml_version":"4.0.0"}},"attachments":[{"id":"fb17cd37-611a-48d3-b0e9-b5984cdfb1e1","version":2,"asset_type":"shiny_asset","name":"attachment_2ef057ff-fa45-4066-a810-1f73b7673a3a","datasource_type":"81bafdbd-b7c6-45c5-a4fd-6ec135f66f4e","creator_id":"1000331500","create_time":1651490694975,"size":10180827,"is_remote":false,"is_managed":true,"is_referenced":false,"is_object_key_read_only":false,"is_user_provided_path_key":false,"transfer_complete":true,"is_partitioned":false,"complete_time_ticks":1651490695639,"user_data":{},"test_doc":0,"handle":{"type":"assetfiles","key":"4ca6cae8-105c-465f-b900-d73ef756ab2d/2ef057ff-fa45-4066-a810-1f73b7673a3a/fb17cd37-611a-48d3-b0e9-b5984cdfb1e1","upload_id":"done","max_part_num":1},"usage":{"access_count":0,"last_accessor_id":"1000331500","last_access_time":1651490694975}}]}