{"metadata":{"asset_id":"16f0e71f-746c-4184-b661-55976e18a380","asset_attributes":["wml_model"],"name":"Customer Attrition Prediction Model","asset_type":"wml_model","created_at":"2022-05-04T14:29:23Z","description":"","origin_country":"us","owner_id":"1000330999","space_id":"3a7da12e-2cfb-43cc-a0f3-3da30b6280b8","sandbox_id":"3a7da12e-2cfb-43cc-a0f3-3da30b6280b8","size":407546,"tags":["attrition_model_tag"],"usage":{"last_update_time":1651674966575,"last_updated_at":"2022-05-04T14:36:06Z"}},"entity":{"wml_model":{"hybrid_pipeline_software_specs":[],"training_data_references":[{"connection":{"access_key_id":"not_applicable","endpoint_url":"not_applicable","secret_access_key":"not_applicable"},"id":"1","location":{},"schema":{"fields":[{"name":"CUSTOMER_SUMMARY_TOTAL_AMOUNT_OF_DEPOSITS","type":"float64"},{"name":"CUSTOMER_FAMILY_SIZE","type":"int64"},{"name":"NUM_ACCOUNTS_WITH_INVESTMENT_OBJECTIVE_SECURE_GROWTH","type":"float64"},{"name":"NUM_ACCOUNTS_WITH_INVESTMENT_OBJECTIVE_GROWTH","type":"float64"},{"name":"CUSTOMER_SUMMARY_AVERAGE_SENTIMENT_SCORE","type":"int64"},{"name":"CUSTOMER_SUMMARY_FUNDS_UNDER_MANAGEMENT","type":"float64"},{"name":"NUM_ACCOUNTS_WITH_INVESTMENT_OBJECTIVE_INCOME","type":"float64"},{"name":"CUSTOMER_SUMMARY_NUMBER_OF_ACCOUNTS","type":"int64"},{"name":"CUSTOMER_INTERNET_BANKING_INDICATOR","type":"int64"},{"name":"CUSTOMER_SUMMARY_TOTAL_AMOUNT_OF_DEPOSITS_mean","type":"float64"},{"name":"CUSTOMER_SUMMARY_TOTAL_AMOUNT_OF_DEPOSITS_std","type":"float64"},{"name":"CUSTOMER_SUMMARY_TOTAL_AMOUNT_OF_DEPOSITS_std_norm","type":"float64"},{"name":"CUSTOMER_SUMMARY_TOTAL_AMOUNT_OF_DEPOSITS_current_vs_mean","type":"float64"},{"name":"CUSTOMER_EMPLOYMENT_STATUS_Homemaker","type":"uint8"},{"name":"CUSTOMER_EMPLOYMENT_STATUS_Retired","type":"uint8"},{"name":"CUSTOMER_EMPLOYMENT_STATUS_Selfemployed","type":"uint8"},{"name":"CUSTOMER_EMPLOYMENT_STATUS_Unemployed","type":"uint8"},{"name":"CUSTOMER_AGE_RANGE_30 to 40","type":"uint8"},{"name":"CUSTOMER_AGE_RANGE_40 to 55","type":"uint8"},{"name":"CUSTOMER_AGE_RANGE_55 to 65","type":"uint8"},{"name":"CUSTOMER_AGE_RANGE_65 and over","type":"uint8"},{"name":"CUSTOMER_MARKET_GROUP_Gifting","type":"uint8"},{"name":"CUSTOMER_MARKET_GROUP_Spending","type":"uint8"},{"name":"CUSTOMER_MARKET_GROUP_Starting","type":"uint8"},{"name":"CUSTOMER_GENDER_Male","type":"uint8"},{"name":"CUSTOMER_EDUCATION_LEVEL_High School","type":"uint8"},{"name":"CUSTOMER_EDUCATION_LEVEL_PhD","type":"uint8"},{"name":"CUSTOMER_EDUCATION_LEVEL_Professional","type":"uint8"},{"name":"CUSTOMER_EDUCATION_LEVEL_University","type":"uint8"},{"name":"CUSTOMER_URBAN_CODE_Rural","type":"uint8"},{"name":"CUSTOMER_URBAN_CODE_Urban","type":"uint8"},{"name":"CUSTOMER_MARITAL_STATUS_Married","type":"uint8"},{"name":"CUSTOMER_MARITAL_STATUS_Single","type":"uint8"}],"id":"1","type":"DataFrame"},"type":"fs"}],"label_column":"TARGET","software_spec":{"base_id":"12b83a17-24d8-5082-900f-0ab31fbfd3cb","name":"runtime-22.1-py3.9"},"ml_version":"4.0.14","type":"scikit-learn_1.0","schemas":{"input":[{"fields":[{"name":"CUSTOMER_SUMMARY_TOTAL_AMOUNT_OF_DEPOSITS","type":"float64"},{"name":"CUSTOMER_FAMILY_SIZE","type":"int64"},{"name":"NUM_ACCOUNTS_WITH_INVESTMENT_OBJECTIVE_SECURE_GROWTH","type":"float64"},{"name":"NUM_ACCOUNTS_WITH_INVESTMENT_OBJECTIVE_GROWTH","type":"float64"},{"name":"CUSTOMER_SUMMARY_AVERAGE_SENTIMENT_SCORE","type":"int64"},{"name":"CUSTOMER_SUMMARY_FUNDS_UNDER_MANAGEMENT","type":"float64"},{"name":"NUM_ACCOUNTS_WITH_INVESTMENT_OBJECTIVE_INCOME","type":"float64"},{"name":"CUSTOMER_SUMMARY_NUMBER_OF_ACCOUNTS","type":"int64"},{"name":"CUSTOMER_INTERNET_BANKING_INDICATOR","type":"int64"},{"name":"CUSTOMER_SUMMARY_TOTAL_AMOUNT_OF_DEPOSITS_mean","type":"float64"},{"name":"CUSTOMER_SUMMARY_TOTAL_AMOUNT_OF_DEPOSITS_std","type":"float64"},{"name":"CUSTOMER_SUMMARY_TOTAL_AMOUNT_OF_DEPOSITS_std_norm","type":"float64"},{"name":"CUSTOMER_SUMMARY_TOTAL_AMOUNT_OF_DEPOSITS_current_vs_mean","type":"float64"},{"name":"CUSTOMER_EMPLOYMENT_STATUS_Homemaker","type":"uint8"},{"name":"CUSTOMER_EMPLOYMENT_STATUS_Retired","type":"uint8"},{"name":"CUSTOMER_EMPLOYMENT_STATUS_Selfemployed","type":"uint8"},{"name":"CUSTOMER_EMPLOYMENT_STATUS_Unemployed","type":"uint8"},{"name":"CUSTOMER_AGE_RANGE_30 to 40","type":"uint8"},{"name":"CUSTOMER_AGE_RANGE_40 to 55","type":"uint8"},{"name":"CUSTOMER_AGE_RANGE_55 to 65","type":"uint8"},{"name":"CUSTOMER_AGE_RANGE_65 and over","type":"uint8"},{"name":"CUSTOMER_MARKET_GROUP_Gifting","type":"uint8"},{"name":"CUSTOMER_MARKET_GROUP_Spending","type":"uint8"},{"name":"CUSTOMER_MARKET_GROUP_Starting","type":"uint8"},{"name":"CUSTOMER_GENDER_Male","type":"uint8"},{"name":"CUSTOMER_EDUCATION_LEVEL_High School","type":"uint8"},{"name":"CUSTOMER_EDUCATION_LEVEL_PhD","type":"uint8"},{"name":"CUSTOMER_EDUCATION_LEVEL_Professional","type":"uint8"},{"name":"CUSTOMER_EDUCATION_LEVEL_University","type":"uint8"},{"name":"CUSTOMER_URBAN_CODE_Rural","type":"uint8"},{"name":"CUSTOMER_URBAN_CODE_Urban","type":"uint8"},{"name":"CUSTOMER_MARITAL_STATUS_Married","type":"uint8"},{"name":"CUSTOMER_MARITAL_STATUS_Single","type":"uint8"}],"id":"1","type":"struct"}],"output":[]}}},"attachments":[{"id":"5eb639c0-ef9c-4bd4-983e-0bff17ce2c04","version":2,"asset_type":"wml_model","datasource_type":"81bafdbd-b7c6-45c5-a4fd-6ec135f66f4e","object_key":"wml_model/16f0e71f-746c-4184-b661-55976e18a380/864187df-96b9-49af-a579-e653d04157b8","creator_id":"icp4d-dev","create_time":1651674966489,"size":407546,"is_remote":false,"is_managed":false,"is_referenced":true,"is_object_key_read_only":false,"is_user_provided_path_key":true,"transfer_complete":true,"is_partitioned":false,"complete_time_ticks":1651674966489,"user_data":{"content_format":"native"},"test_doc":0,"handle":{"key":"wml_model/16f0e71f-746c-4184-b661-55976e18a380/864187df-96b9-49af-a579-e653d04157b8","upload_id":"done","max_part_num":1},"usage":{"access_count":0,"last_accessor_id":"icp4d-dev","last_access_time":1651674966489}}]}