{"metadata":{"asset_id":"44c39a5b-72b8-4e74-9e08-05fbfe73f60f","asset_attributes":["shiny_asset"],"name":"Customer Attrition Prediction Shiny Assets","asset_type":"shiny_asset","created_at":"2022-05-24T12:09:25Z","description":"Store shiny assets in deployment space","origin_country":"us","owner_id":"1000330999","space_id":"93846e2a-d8e2-4e3f-92a7-1460073589ce","size":10180827,"tags":[],"usage":{"last_update_time":1653394166058,"last_updated_at":"2022-05-24T12:09:26Z"}},"entity":{"shiny_asset":{"ml_version":"4.0.0"}},"attachments":[{"id":"bf371fdd-e9a2-4881-87d2-aa6b91c78017","version":2,"asset_type":"shiny_asset","name":"attachment_44c39a5b-72b8-4e74-9e08-05fbfe73f60f","datasource_type":"81bafdbd-b7c6-45c5-a4fd-6ec135f66f4e","creator_id":"1000330999","create_time":1653394165691,"size":10180827,"is_remote":false,"is_managed":true,"is_referenced":false,"is_object_key_read_only":false,"is_user_provided_path_key":false,"transfer_complete":true,"is_partitioned":false,"complete_time_ticks":1653394166057,"user_data":{},"test_doc":0,"handle":{"type":"assetfiles","key":"6658dfe1-9366-42b3-a478-93aa7b21c458/44c39a5b-72b8-4e74-9e08-05fbfe73f60f/bf371fdd-e9a2-4881-87d2-aa6b91c78017","upload_id":"done","max_part_num":1},"usage":{"access_count":0,"last_accessor_id":"1000330999","last_access_time":1653394165691}}]}