{"metadata":{"asset_id":"dcecdd31-7b51-4aa2-a62b-8bf520ecd4cf","asset_attributes":["wml_model"],"name":"Customer Attrition Prediction Model","asset_type":"wml_model","created_at":"2022-04-26T00:31:22Z","origin_country":"us","owner_id":"IBMid-661001OAKZ","space_id":"5ac0a716-13ed-4856-88ee-f2c59ec124ff","sandbox_id":"5ac0a716-13ed-4856-88ee-f2c59ec124ff","size":413434,"tags":["attrition_model_tag"],"usage":{"last_update_time":1650933087007,"last_updated_at":"2022-04-26T00:31:27Z"}},"entity":{"wml_model":{"hybrid_pipeline_software_specs":[],"training_data_references":[{"connection":{"access_key_id":"not_applicable","endpoint_url":"not_applicable","secret_access_key":"not_applicable"},"id":"1","location":{},"schema":{"fields":[{"name":"CUSTOMER_SUMMARY_NUMBER_OF_ACCOUNTS","type":"int64"},{"name":"NUM_ACCOUNTS_WITH_INVESTMENT_OBJECTIVE_INCOME","type":"float64"},{"name":"CUSTOMER_SUMMARY_AVERAGE_SENTIMENT_SCORE","type":"int64"},{"name":"CUSTOMER_SUMMARY_TOTAL_AMOUNT_OF_DEPOSITS","type":"float64"},{"name":"CUSTOMER_SUMMARY_FUNDS_UNDER_MANAGEMENT","type":"float64"},{"name":"CUSTOMER_FAMILY_SIZE","type":"int64"},{"name":"NUM_ACCOUNTS_WITH_INVESTMENT_OBJECTIVE_SECURE_GROWTH","type":"float64"},{"name":"NUM_ACCOUNTS_WITH_INVESTMENT_OBJECTIVE_GROWTH","type":"float64"},{"name":"CUSTOMER_INTERNET_BANKING_INDICATOR","type":"int64"},{"name":"CUSTOMER_SUMMARY_TOTAL_AMOUNT_OF_DEPOSITS_mean","type":"float64"},{"name":"CUSTOMER_SUMMARY_TOTAL_AMOUNT_OF_DEPOSITS_std","type":"float64"},{"name":"CUSTOMER_SUMMARY_TOTAL_AMOUNT_OF_DEPOSITS_std_norm","type":"float64"},{"name":"CUSTOMER_SUMMARY_TOTAL_AMOUNT_OF_DEPOSITS_current_vs_mean","type":"float64"},{"name":"CUSTOMER_GENDER_Male","type":"uint8"},{"name":"CUSTOMER_EDUCATION_LEVEL_High School","type":"uint8"},{"name":"CUSTOMER_EDUCATION_LEVEL_PhD","type":"uint8"},{"name":"CUSTOMER_EDUCATION_LEVEL_Professional","type":"uint8"},{"name":"CUSTOMER_EDUCATION_LEVEL_University","type":"uint8"},{"name":"CUSTOMER_MARKET_GROUP_Gifting","type":"uint8"},{"name":"CUSTOMER_MARKET_GROUP_Spending","type":"uint8"},{"name":"CUSTOMER_MARKET_GROUP_Starting","type":"uint8"},{"name":"CUSTOMER_MARITAL_STATUS_Married","type":"uint8"},{"name":"CUSTOMER_MARITAL_STATUS_Single","type":"uint8"},{"name":"CUSTOMER_AGE_RANGE_30 to 40","type":"uint8"},{"name":"CUSTOMER_AGE_RANGE_40 to 55","type":"uint8"},{"name":"CUSTOMER_AGE_RANGE_55 to 65","type":"uint8"},{"name":"CUSTOMER_AGE_RANGE_65 and over","type":"uint8"},{"name":"CUSTOMER_EMPLOYMENT_STATUS_Homemaker","type":"uint8"},{"name":"CUSTOMER_EMPLOYMENT_STATUS_Retired","type":"uint8"},{"name":"CUSTOMER_EMPLOYMENT_STATUS_Selfemployed","type":"uint8"},{"name":"CUSTOMER_EMPLOYMENT_STATUS_Unemployed","type":"uint8"},{"name":"CUSTOMER_URBAN_CODE_Rural","type":"uint8"},{"name":"CUSTOMER_URBAN_CODE_Urban","type":"uint8"}],"id":"1","type":"DataFrame"},"type":"fs"}],"label_column":"TARGET","software_spec":{"base_id":"12b83a17-24d8-5082-900f-0ab31fbfd3cb","name":"runtime-22.1-py3.9"},"ml_version":"4.0.15","type":"scikit-learn_1.0","schemas":{"input":[{"fields":[{"name":"CUSTOMER_SUMMARY_NUMBER_OF_ACCOUNTS","type":"int64"},{"name":"NUM_ACCOUNTS_WITH_INVESTMENT_OBJECTIVE_INCOME","type":"float64"},{"name":"CUSTOMER_SUMMARY_AVERAGE_SENTIMENT_SCORE","type":"int64"},{"name":"CUSTOMER_SUMMARY_TOTAL_AMOUNT_OF_DEPOSITS","type":"float64"},{"name":"CUSTOMER_SUMMARY_FUNDS_UNDER_MANAGEMENT","type":"float64"},{"name":"CUSTOMER_FAMILY_SIZE","type":"int64"},{"name":"NUM_ACCOUNTS_WITH_INVESTMENT_OBJECTIVE_SECURE_GROWTH","type":"float64"},{"name":"NUM_ACCOUNTS_WITH_INVESTMENT_OBJECTIVE_GROWTH","type":"float64"},{"name":"CUSTOMER_INTERNET_BANKING_INDICATOR","type":"int64"},{"name":"CUSTOMER_SUMMARY_TOTAL_AMOUNT_OF_DEPOSITS_mean","type":"float64"},{"name":"CUSTOMER_SUMMARY_TOTAL_AMOUNT_OF_DEPOSITS_std","type":"float64"},{"name":"CUSTOMER_SUMMARY_TOTAL_AMOUNT_OF_DEPOSITS_std_norm","type":"float64"},{"name":"CUSTOMER_SUMMARY_TOTAL_AMOUNT_OF_DEPOSITS_current_vs_mean","type":"float64"},{"name":"CUSTOMER_GENDER_Male","type":"uint8"},{"name":"CUSTOMER_EDUCATION_LEVEL_High School","type":"uint8"},{"name":"CUSTOMER_EDUCATION_LEVEL_PhD","type":"uint8"},{"name":"CUSTOMER_EDUCATION_LEVEL_Professional","type":"uint8"},{"name":"CUSTOMER_EDUCATION_LEVEL_University","type":"uint8"},{"name":"CUSTOMER_MARKET_GROUP_Gifting","type":"uint8"},{"name":"CUSTOMER_MARKET_GROUP_Spending","type":"uint8"},{"name":"CUSTOMER_MARKET_GROUP_Starting","type":"uint8"},{"name":"CUSTOMER_MARITAL_STATUS_Married","type":"uint8"},{"name":"CUSTOMER_MARITAL_STATUS_Single","type":"uint8"},{"name":"CUSTOMER_AGE_RANGE_30 to 40","type":"uint8"},{"name":"CUSTOMER_AGE_RANGE_40 to 55","type":"uint8"},{"name":"CUSTOMER_AGE_RANGE_55 to 65","type":"uint8"},{"name":"CUSTOMER_AGE_RANGE_65 and over","type":"uint8"},{"name":"CUSTOMER_EMPLOYMENT_STATUS_Homemaker","type":"uint8"},{"name":"CUSTOMER_EMPLOYMENT_STATUS_Retired","type":"uint8"},{"name":"CUSTOMER_EMPLOYMENT_STATUS_Selfemployed","type":"uint8"},{"name":"CUSTOMER_EMPLOYMENT_STATUS_Unemployed","type":"uint8"},{"name":"CUSTOMER_URBAN_CODE_Rural","type":"uint8"},{"name":"CUSTOMER_URBAN_CODE_Urban","type":"uint8"}],"id":"1","type":"struct"}],"output":[]}},"location_definition":{"physical_location_code":"DAL","physical_location_code_assigned_by":"IBMid-661001OAKZ","physical_location_code_rds_id":"c57cb90f-2126-3800-9c9f-9eab82021cdf","physical_location_code_rds_version":"test_version_noop","physical_location_code_assignment_method":"INFERRED","physical_location_code_added_on":"1650932792596"}},"attachments":[{"id":"7cf3d124-03bc-403e-bce0-54aa088c0a54","version":2,"asset_type":"wml_model","datasource_type":"193a97c1-4475-4a19-b90c-295c4fdc6517","creator_id":"IBMid-661001OAKZ","create_time":1650933085447,"size":413434,"is_remote":false,"is_managed":true,"is_referenced":false,"is_object_key_read_only":false,"is_user_provided_path_key":false,"transfer_complete":true,"is_partitioned":false,"complete_time_ticks":1650933086779,"user_data":{"content_format":"native"},"test_doc":0,"handle":{"bucket":"2d14df4d-d7bc-4d1d-a7e0-f0b0171ea0e2","location":"us-south","type":"bluemix_cos","key":"8db2ce5d-c4f0-4390-863b-16e3bdd1a3fb/dcecdd31-7b51-4aa2-a62b-8bf520ecd4cf/7cf3d124-03bc-403e-bce0-54aa088c0a54","upload_id":"done","max_part_num":1},"usage":{"access_count":0,"last_accessor_id":"IBMid-661001OAKZ","last_access_time":1650933085447}}]}
