{"metadata":{"asset_id":"e73980b7-9be4-4620-9c04-1a2595725a48","asset_attributes":["wml_function"],"name":"Customer Attrition Prediction Scoring Function","asset_type":"wml_function","created_at":"2022-05-02T11:19:16Z","description":"","origin_country":"us","owner_id":"1000331500","space_id":"a91d98e5-5719-4961-b68b-a1a52cb31edd","sandbox_id":"a91d98e5-5719-4961-b68b-a1a52cb31edd","size":2761,"tags":["attrition_scoring_pipeline_function_tag"],"usage":{"last_update_time":1651664494371,"last_updated_at":"2022-05-04T11:41:34Z"}},"entity":{"wml_function":{"software_spec":{"base_id":"e4429883-c883-42b6-87a8-f419d64088cd","name":"default_py3.7"},"ml_version":"4.0.0","type":"python","schemas":{"input":[{"fields":[{"name":"CUSTOMER ID","type":"int"},{"name":"sc_end_date","type":"date"}],"id":"1","type":"struct"}],"output":[{"fields":[{"name":"Probability_of_Attrition","type":"double"}],"id":"1","type":"struct"}]}}},"attachments":[{"id":"1a90d84b-f298-4158-8e39-5773251b990e","version":2,"asset_type":"wml_function","datasource_type":"81bafdbd-b7c6-45c5-a4fd-6ec135f66f4e","object_key":"wml_function/e73980b7-9be4-4620-9c04-1a2595725a48/4333114c-ddc6-40b0-a677-4de500038640","creator_id":"icp4d-dev","create_time":1651664493795,"size":2761,"is_remote":false,"is_managed":false,"is_referenced":true,"is_object_key_read_only":false,"is_user_provided_path_key":true,"transfer_complete":true,"is_partitioned":false,"complete_time_ticks":1651664493795,"user_data":{},"test_doc":0,"handle":{"key":"wml_function/e73980b7-9be4-4620-9c04-1a2595725a48/4333114c-ddc6-40b0-a677-4de500038640","upload_id":"done","max_part_num":1},"usage":{"access_count":0,"last_accessor_id":"icp4d-dev","last_access_time":1651664493795}}]}