{"metadata":{"asset_id":"acb7b6eb-119b-42d9-a914-9ed337cb4935","asset_attributes":["wml_function"],"name":"Customer Attrition Prediction Scoring Function","asset_type":"wml_function","created_at":"2022-05-04T14:30:20Z","description":"","origin_country":"us","owner_id":"1000330999","space_id":"3a7da12e-2cfb-43cc-a0f3-3da30b6280b8","sandbox_id":"3a7da12e-2cfb-43cc-a0f3-3da30b6280b8","size":2994,"tags":["attrition_scoring_pipeline_function_tag"],"usage":{"last_update_time":1651674992993,"last_updated_at":"2022-05-04T14:36:32Z"}},"entity":{"wml_function":{"software_spec":{"base_id":"12b83a17-24d8-5082-900f-0ab31fbfd3cb","name":"runtime-22.1-py3.9"},"ml_version":"4.0.2","type":"python","schemas":{"input":[{"fields":[{"name":"CUSTOMER ID","type":"int"},{"name":"sc_end_date","type":"date"}],"id":"1","type":"struct"}],"output":[{"fields":[{"name":"Probability_of_Attrition","type":"double"}],"id":"1","type":"struct"}]}}},"attachments":[{"id":"86af65be-83ef-4173-a10c-b258d7c5e7e2","version":2,"asset_type":"wml_function","datasource_type":"81bafdbd-b7c6-45c5-a4fd-6ec135f66f4e","object_key":"wml_function/acb7b6eb-119b-42d9-a914-9ed337cb4935/939953c2-61f2-4b42-8534-7df47f636979","creator_id":"icp4d-dev","create_time":1651674992933,"size":2994,"is_remote":false,"is_managed":false,"is_referenced":true,"is_object_key_read_only":false,"is_user_provided_path_key":true,"transfer_complete":true,"is_partitioned":false,"complete_time_ticks":1651674992933,"user_data":{},"test_doc":0,"handle":{"key":"wml_function/acb7b6eb-119b-42d9-a914-9ed337cb4935/939953c2-61f2-4b42-8534-7df47f636979","upload_id":"done","max_part_num":1},"usage":{"access_count":0,"last_accessor_id":"icp4d-dev","last_access_time":1651674992933}}]}