{"metadata":{"asset_id":"a229c494-79e3-4b27-8ae0-1d798a40c6db","asset_attributes":["wml_function"],"name":"Customer Attrition Prediction Scoring Function","asset_type":"wml_function","created_at":"2022-05-24T12:05:16Z","description":"","origin_country":"us","owner_id":"1000330999","space_id":"93846e2a-d8e2-4e3f-92a7-1460073589ce","sandbox_id":"93846e2a-d8e2-4e3f-92a7-1460073589ce","size":2997,"tags":["attrition_scoring_pipeline_function_tag"],"usage":{"last_update_time":1653394806677,"last_updated_at":"2022-05-24T12:20:06Z"}},"entity":{"wml_function":{"software_spec":{"base_id":"ab9e1b80-f2ce-592c-a7d2-4f2344f77194","name":"default_py3.8"},"ml_version":"4.0.2","type":"python","schemas":{"input":[{"fields":[{"name":"CUSTOMER ID","type":"int"},{"name":"sc_end_date","type":"date"}],"id":"1","type":"struct"}],"output":[{"fields":[{"name":"Probability_of_Attrition","type":"double"}],"id":"1","type":"struct"}]}}},"attachments":[{"id":"2d9dea54-74d6-4378-8f3e-b9fd897bf0c8","version":2,"asset_type":"wml_function","datasource_type":"81bafdbd-b7c6-45c5-a4fd-6ec135f66f4e","object_key":"wml_function/a229c494-79e3-4b27-8ae0-1d798a40c6db/cf7e440f-6d24-4f5d-861e-e0f0aecbda3b","creator_id":"icp4d-dev","create_time":1653394806596,"size":2997,"is_remote":false,"is_managed":false,"is_referenced":true,"is_object_key_read_only":false,"is_user_provided_path_key":true,"transfer_complete":true,"is_partitioned":false,"complete_time_ticks":1653394806596,"user_data":{},"test_doc":0,"handle":{"key":"wml_function/a229c494-79e3-4b27-8ae0-1d798a40c6db/cf7e440f-6d24-4f5d-861e-e0f0aecbda3b","upload_id":"done","max_part_num":1},"usage":{"access_count":0,"last_accessor_id":"icp4d-dev","last_access_time":1653394806596}}]}