{"entity":{"description":"spaces","name":"HJPZDS4IHJAMR1I","scope":{"bss_account_id":"71cbda4c77af480ca8c5bbd47bcab216"},"stage":{"production":false},"status":{"state":"active"},"storage":{"type":"bmcos_object_storage"}},"metadata":{"created_at":"2022-05-02T05:40:44.601Z","creator_id":"IBMid-66300293SH","id":"d1f276d7-7230-4498-83dd-222c151a7100","updated_at":"2022-05-02T05:40:53.421Z","url":"/v2/spaces/d1f276d7-7230-4498-83dd-222c151a7100"},"is_encrypted":false,"deployment_source":"cloud","version":"1.0.19.cloud"}
